sample-id	forward-absolute-filepath	reverse-absolute-filepath
PAN-5_Baseline_001	/Users/mikeconnelly/computing/projects/anti_phys/data/reads_bacteria/001-nKnowlesPdamAnti_S1_L001_R1_001.fastq.gz	/Users/mikeconnelly/computing/projects/anti_phys/data/reads_bacteria/001-nKnowlesPdamAnti_S1_L001_R2_001.fastq.gz
PAN-5_Baseline_002	/Users/mikeconnelly/computing/projects/anti_phys/data/reads_bacteria/002-nKnowlesPdamAnti_S2_L001_R1_001.fastq.gz	/Users/mikeconnelly/computing/projects/anti_phys/data/reads_bacteria/002-nKnowlesPdamAnti_S2_L001_R2_001.fastq.gz
PAN-5_Baseline_003	/Users/mikeconnelly/computing/projects/anti_phys/data/reads_bacteria/003-nKnowlesPdamAnti_S3_L001_R1_001.fastq.gz	/Users/mikeconnelly/computing/projects/anti_phys/data/reads_bacteria/003-nKnowlesPdamAnti_S3_L001_R2_001.fastq.gz
PAN-5_Baseline_004	/Users/mikeconnelly/computing/projects/anti_phys/data/reads_bacteria/004-nKnowlesPdamAnti_S4_L001_R1_001.fastq.gz	/Users/mikeconnelly/computing/projects/anti_phys/data/reads_bacteria/004-nKnowlesPdamAnti_S4_L001_R2_001.fastq.gz
PAN-10_Baseline_005	/Users/mikeconnelly/computing/projects/anti_phys/data/reads_bacteria/005-nKnowlesPdamAnti_S5_L001_R1_001.fastq.gz	/Users/mikeconnelly/computing/projects/anti_phys/data/reads_bacteria/005-nKnowlesPdamAnti_S5_L001_R2_001.fastq.gz
PAN-10_Baseline_006	/Users/mikeconnelly/computing/projects/anti_phys/data/reads_bacteria/006-nKnowlesPdamAnti_S6_L001_R1_001.fastq.gz	/Users/mikeconnelly/computing/projects/anti_phys/data/reads_bacteria/006-nKnowlesPdamAnti_S6_L001_R2_001.fastq.gz
PAN-10_Baseline_007	/Users/mikeconnelly/computing/projects/anti_phys/data/reads_bacteria/007-nKnowlesPdamAnti_S7_L001_R1_001.fastq.gz	/Users/mikeconnelly/computing/projects/anti_phys/data/reads_bacteria/007-nKnowlesPdamAnti_S7_L001_R2_001.fastq.gz
PAN-10_Baseline_008	/Users/mikeconnelly/computing/projects/anti_phys/data/reads_bacteria/008-nKnowlesPdamAnti_S8_L001_R1_001.fastq.gz	/Users/mikeconnelly/computing/projects/anti_phys/data/reads_bacteria/008-nKnowlesPdamAnti_S8_L001_R2_001.fastq.gz
PAN-32_Baseline_009	/Users/mikeconnelly/computing/projects/anti_phys/data/reads_bacteria/009-nKnowlesPdamAnti_S9_L001_R1_001.fastq.gz	/Users/mikeconnelly/computing/projects/anti_phys/data/reads_bacteria/009-nKnowlesPdamAnti_S9_L001_R2_001.fastq.gz
PAN-32_Baseline_010	/Users/mikeconnelly/computing/projects/anti_phys/data/reads_bacteria/010-nKnowlesPdamAnti_S10_L001_R1_001.fastq.gz	/Users/mikeconnelly/computing/projects/anti_phys/data/reads_bacteria/010-nKnowlesPdamAnti_S10_L001_R2_001.fastq.gz
PAN-32_Baseline_011	/Users/mikeconnelly/computing/projects/anti_phys/data/reads_bacteria/011-nKnowlesPdamAnti_S11_L001_R1_001.fastq.gz	/Users/mikeconnelly/computing/projects/anti_phys/data/reads_bacteria/011-nKnowlesPdamAnti_S11_L001_R2_001.fastq.gz
PAN-32_Baseline_012	/Users/mikeconnelly/computing/projects/anti_phys/data/reads_bacteria/012-nKnowlesPdamAnti_S12_L001_R1_001.fastq.gz	/Users/mikeconnelly/computing/projects/anti_phys/data/reads_bacteria/012-nKnowlesPdamAnti_S12_L001_R2_001.fastq.gz
PAN-34_Baseline_013	/Users/mikeconnelly/computing/projects/anti_phys/data/reads_bacteria/013-nKnowlesPdamAnti_S13_L001_R1_001.fastq.gz	/Users/mikeconnelly/computing/projects/anti_phys/data/reads_bacteria/013-nKnowlesPdamAnti_S13_L001_R2_001.fastq.gz
PAN-34_Baseline_014	/Users/mikeconnelly/computing/projects/anti_phys/data/reads_bacteria/014-nKnowlesPdamAnti_S14_L001_R1_001.fastq.gz	/Users/mikeconnelly/computing/projects/anti_phys/data/reads_bacteria/014-nKnowlesPdamAnti_S14_L001_R2_001.fastq.gz
PAN-34_Baseline_015	/Users/mikeconnelly/computing/projects/anti_phys/data/reads_bacteria/015-nKnowlesPdamAnti_S15_L001_R1_001.fastq.gz	/Users/mikeconnelly/computing/projects/anti_phys/data/reads_bacteria/015-nKnowlesPdamAnti_S15_L001_R2_001.fastq.gz
PAN-34_Baseline_016	/Users/mikeconnelly/computing/projects/anti_phys/data/reads_bacteria/016-nKnowlesPdamAnti_S16_L001_R1_001.fastq.gz	/Users/mikeconnelly/computing/projects/anti_phys/data/reads_bacteria/016-nKnowlesPdamAnti_S16_L001_R2_001.fastq.gz
PAN-35_Baseline_017	/Users/mikeconnelly/computing/projects/anti_phys/data/reads_bacteria/017-nKnowlesPdamAnti_S17_L001_R1_001.fastq.gz	/Users/mikeconnelly/computing/projects/anti_phys/data/reads_bacteria/017-nKnowlesPdamAnti_S17_L001_R2_001.fastq.gz
PAN-35_Baseline_018	/Users/mikeconnelly/computing/projects/anti_phys/data/reads_bacteria/018-nKnowlesPdamAnti_S18_L001_R1_001.fastq.gz	/Users/mikeconnelly/computing/projects/anti_phys/data/reads_bacteria/018-nKnowlesPdamAnti_S18_L001_R2_001.fastq.gz
PAN-35_Baseline_019	/Users/mikeconnelly/computing/projects/anti_phys/data/reads_bacteria/019-nKnowlesPdamAnti_S19_L001_R1_001.fastq.gz	/Users/mikeconnelly/computing/projects/anti_phys/data/reads_bacteria/019-nKnowlesPdamAnti_S19_L001_R2_001.fastq.gz
PAN-35_Baseline_020	/Users/mikeconnelly/computing/projects/anti_phys/data/reads_bacteria/020-nKnowlesPdamAnti_S20_L001_R1_001.fastq.gz	/Users/mikeconnelly/computing/projects/anti_phys/data/reads_bacteria/020-nKnowlesPdamAnti_S20_L001_R2_001.fastq.gz
PAN-37_Baseline_021	/Users/mikeconnelly/computing/projects/anti_phys/data/reads_bacteria/021-nKnowlesPdamAnti_S21_L001_R1_001.fastq.gz	/Users/mikeconnelly/computing/projects/anti_phys/data/reads_bacteria/021-nKnowlesPdamAnti_S21_L001_R2_001.fastq.gz
PAN-37_Baseline_022	/Users/mikeconnelly/computing/projects/anti_phys/data/reads_bacteria/022-nKnowlesPdamAnti_S22_L001_R1_001.fastq.gz	/Users/mikeconnelly/computing/projects/anti_phys/data/reads_bacteria/022-nKnowlesPdamAnti_S22_L001_R2_001.fastq.gz
PAN-37_Baseline_023	/Users/mikeconnelly/computing/projects/anti_phys/data/reads_bacteria/023-nKnowlesPdamAnti_S23_L001_R1_001.fastq.gz	/Users/mikeconnelly/computing/projects/anti_phys/data/reads_bacteria/023-nKnowlesPdamAnti_S23_L001_R2_001.fastq.gz
PAN-37_Baseline_024	/Users/mikeconnelly/computing/projects/anti_phys/data/reads_bacteria/024-nKnowlesPdamAnti_S24_L001_R1_001.fastq.gz	/Users/mikeconnelly/computing/projects/anti_phys/data/reads_bacteria/024-nKnowlesPdamAnti_S24_L001_R2_001.fastq.gz
PAN-39_Baseline_025	/Users/mikeconnelly/computing/projects/anti_phys/data/reads_bacteria/025-nKnowlesPdamAnti_S25_L001_R1_001.fastq.gz	/Users/mikeconnelly/computing/projects/anti_phys/data/reads_bacteria/025-nKnowlesPdamAnti_S25_L001_R2_001.fastq.gz
PAN-39_Baseline_026	/Users/mikeconnelly/computing/projects/anti_phys/data/reads_bacteria/026-nKnowlesPdamAnti_S26_L001_R1_001.fastq.gz	/Users/mikeconnelly/computing/projects/anti_phys/data/reads_bacteria/026-nKnowlesPdamAnti_S26_L001_R2_001.fastq.gz
PAN-39_Baseline_027	/Users/mikeconnelly/computing/projects/anti_phys/data/reads_bacteria/027-nKnowlesPdamAnti_S27_L001_R1_001.fastq.gz	/Users/mikeconnelly/computing/projects/anti_phys/data/reads_bacteria/027-nKnowlesPdamAnti_S27_L001_R2_001.fastq.gz
PAN-39_Baseline_028	/Users/mikeconnelly/computing/projects/anti_phys/data/reads_bacteria/028-nKnowlesPdamAnti_S28_L001_R1_001.fastq.gz	/Users/mikeconnelly/computing/projects/anti_phys/data/reads_bacteria/028-nKnowlesPdamAnti_S28_L001_R2_001.fastq.gz
PAN-41_Baseline_029	/Users/mikeconnelly/computing/projects/anti_phys/data/reads_bacteria/029-nKnowlesPdamAnti_S29_L001_R1_001.fastq.gz	/Users/mikeconnelly/computing/projects/anti_phys/data/reads_bacteria/029-nKnowlesPdamAnti_S29_L001_R2_001.fastq.gz
PAN-41_Baseline_030	/Users/mikeconnelly/computing/projects/anti_phys/data/reads_bacteria/030-nKnowlesPdamAnti_S30_L001_R1_001.fastq.gz	/Users/mikeconnelly/computing/projects/anti_phys/data/reads_bacteria/030-nKnowlesPdamAnti_S30_L001_R2_001.fastq.gz
PAN-41_Baseline_031	/Users/mikeconnelly/computing/projects/anti_phys/data/reads_bacteria/031-nKnowlesPdamAnti_S31_L001_R1_001.fastq.gz	/Users/mikeconnelly/computing/projects/anti_phys/data/reads_bacteria/031-nKnowlesPdamAnti_S31_L001_R2_001.fastq.gz
PAN-41_Baseline_032	/Users/mikeconnelly/computing/projects/anti_phys/data/reads_bacteria/032-nKnowlesPdamAnti_S32_L001_R1_001.fastq.gz	/Users/mikeconnelly/computing/projects/anti_phys/data/reads_bacteria/032-nKnowlesPdamAnti_S32_L001_R2_001.fastq.gz
PAN-43_Baseline_033	/Users/mikeconnelly/computing/projects/anti_phys/data/reads_bacteria/033-nKnowlesPdamAnti_S33_L001_R1_001.fastq.gz	/Users/mikeconnelly/computing/projects/anti_phys/data/reads_bacteria/033-nKnowlesPdamAnti_S33_L001_R2_001.fastq.gz
PAN-43_Baseline_034	/Users/mikeconnelly/computing/projects/anti_phys/data/reads_bacteria/034-nKnowlesPdamAnti_S34_L001_R1_001.fastq.gz	/Users/mikeconnelly/computing/projects/anti_phys/data/reads_bacteria/034-nKnowlesPdamAnti_S34_L001_R2_001.fastq.gz
PAN-43_Baseline_035	/Users/mikeconnelly/computing/projects/anti_phys/data/reads_bacteria/035-nKnowlesPdamAnti_S35_L001_R1_001.fastq.gz	/Users/mikeconnelly/computing/projects/anti_phys/data/reads_bacteria/035-nKnowlesPdamAnti_S35_L001_R2_001.fastq.gz
PAN-43_Baseline_036	/Users/mikeconnelly/computing/projects/anti_phys/data/reads_bacteria/036-nKnowlesPdamAnti_S36_L001_R1_001.fastq.gz	/Users/mikeconnelly/computing/projects/anti_phys/data/reads_bacteria/036-nKnowlesPdamAnti_S36_L001_R2_001.fastq.gz
PAN-44_Baseline_037	/Users/mikeconnelly/computing/projects/anti_phys/data/reads_bacteria/037-nKnowlesPdamAnti_S37_L001_R1_001.fastq.gz	/Users/mikeconnelly/computing/projects/anti_phys/data/reads_bacteria/037-nKnowlesPdamAnti_S37_L001_R2_001.fastq.gz
PAN-44_Baseline_038	/Users/mikeconnelly/computing/projects/anti_phys/data/reads_bacteria/038-nKnowlesPdamAnti_S38_L001_R1_001.fastq.gz	/Users/mikeconnelly/computing/projects/anti_phys/data/reads_bacteria/038-nKnowlesPdamAnti_S38_L001_R2_001.fastq.gz
PAN-44_Baseline_039	/Users/mikeconnelly/computing/projects/anti_phys/data/reads_bacteria/039-nKnowlesPdamAnti_S39_L001_R1_001.fastq.gz	/Users/mikeconnelly/computing/projects/anti_phys/data/reads_bacteria/039-nKnowlesPdamAnti_S39_L001_R2_001.fastq.gz
PAN-44_Baseline_040	/Users/mikeconnelly/computing/projects/anti_phys/data/reads_bacteria/040-nKnowlesPdamAnti_S40_L001_R1_001.fastq.gz	/Users/mikeconnelly/computing/projects/anti_phys/data/reads_bacteria/040-nKnowlesPdamAnti_S40_L001_R2_001.fastq.gz
URA-51_Baseline_041	/Users/mikeconnelly/computing/projects/anti_phys/data/reads_bacteria/041-nKnowlesPdamAnti_S41_L001_R1_001.fastq.gz	/Users/mikeconnelly/computing/projects/anti_phys/data/reads_bacteria/041-nKnowlesPdamAnti_S41_L001_R2_001.fastq.gz
URA-51_Baseline_042	/Users/mikeconnelly/computing/projects/anti_phys/data/reads_bacteria/042-nKnowlesPdamAnti_S42_L001_R1_001.fastq.gz	/Users/mikeconnelly/computing/projects/anti_phys/data/reads_bacteria/042-nKnowlesPdamAnti_S42_L001_R2_001.fastq.gz
URA-51_Baseline_043	/Users/mikeconnelly/computing/projects/anti_phys/data/reads_bacteria/043-nKnowlesPdamAnti_S43_L001_R1_001.fastq.gz	/Users/mikeconnelly/computing/projects/anti_phys/data/reads_bacteria/043-nKnowlesPdamAnti_S43_L001_R2_001.fastq.gz
URA-51_Baseline_044	/Users/mikeconnelly/computing/projects/anti_phys/data/reads_bacteria/044-nKnowlesPdamAnti_S44_L001_R1_001.fastq.gz	/Users/mikeconnelly/computing/projects/anti_phys/data/reads_bacteria/044-nKnowlesPdamAnti_S44_L001_R2_001.fastq.gz
PAN-78_Baseline_045	/Users/mikeconnelly/computing/projects/anti_phys/data/reads_bacteria/045-nKnowlesPdamAnti_S45_L001_R1_001.fastq.gz	/Users/mikeconnelly/computing/projects/anti_phys/data/reads_bacteria/045-nKnowlesPdamAnti_S45_L001_R2_001.fastq.gz
PAN-78_Baseline_046	/Users/mikeconnelly/computing/projects/anti_phys/data/reads_bacteria/046-nKnowlesPdamAnti_S46_L001_R1_001.fastq.gz	/Users/mikeconnelly/computing/projects/anti_phys/data/reads_bacteria/046-nKnowlesPdamAnti_S46_L001_R2_001.fastq.gz
PAN-78_Baseline_047	/Users/mikeconnelly/computing/projects/anti_phys/data/reads_bacteria/047-nKnowlesPdamAnti_S47_L001_R1_001.fastq.gz	/Users/mikeconnelly/computing/projects/anti_phys/data/reads_bacteria/047-nKnowlesPdamAnti_S47_L001_R2_001.fastq.gz
PAN-78_Baseline_048	/Users/mikeconnelly/computing/projects/anti_phys/data/reads_bacteria/048-nKnowlesPdamAnti_S48_L001_R1_001.fastq.gz	/Users/mikeconnelly/computing/projects/anti_phys/data/reads_bacteria/048-nKnowlesPdamAnti_S48_L001_R2_001.fastq.gz
PAN-79_Baseline_049	/Users/mikeconnelly/computing/projects/anti_phys/data/reads_bacteria/049-nKnowlesPdamAnti_S49_L001_R1_001.fastq.gz	/Users/mikeconnelly/computing/projects/anti_phys/data/reads_bacteria/049-nKnowlesPdamAnti_S49_L001_R2_001.fastq.gz
PAN-79_Baseline_050	/Users/mikeconnelly/computing/projects/anti_phys/data/reads_bacteria/050-nKnowlesPdamAnti_S50_L001_R1_001.fastq.gz	/Users/mikeconnelly/computing/projects/anti_phys/data/reads_bacteria/050-nKnowlesPdamAnti_S50_L001_R2_001.fastq.gz
PAN-79_Baseline_051	/Users/mikeconnelly/computing/projects/anti_phys/data/reads_bacteria/051-nKnowlesPdamAnti_S51_L001_R1_001.fastq.gz	/Users/mikeconnelly/computing/projects/anti_phys/data/reads_bacteria/051-nKnowlesPdamAnti_S51_L001_R2_001.fastq.gz
PAN-79_Baseline_052	/Users/mikeconnelly/computing/projects/anti_phys/data/reads_bacteria/052-nKnowlesPdamAnti_S52_L001_R1_001.fastq.gz	/Users/mikeconnelly/computing/projects/anti_phys/data/reads_bacteria/052-nKnowlesPdamAnti_S52_L001_R2_001.fastq.gz
PAN-83_Baseline_053	/Users/mikeconnelly/computing/projects/anti_phys/data/reads_bacteria/053-nKnowlesPdamAnti_S53_L001_R1_001.fastq.gz	/Users/mikeconnelly/computing/projects/anti_phys/data/reads_bacteria/053-nKnowlesPdamAnti_S53_L001_R2_001.fastq.gz
PAN-83_Baseline_054	/Users/mikeconnelly/computing/projects/anti_phys/data/reads_bacteria/054-nKnowlesPdamAnti_S54_L001_R1_001.fastq.gz	/Users/mikeconnelly/computing/projects/anti_phys/data/reads_bacteria/054-nKnowlesPdamAnti_S54_L001_R2_001.fastq.gz
PAN-83_Baseline_055	/Users/mikeconnelly/computing/projects/anti_phys/data/reads_bacteria/055-nKnowlesPdamAnti_S55_L001_R1_001.fastq.gz	/Users/mikeconnelly/computing/projects/anti_phys/data/reads_bacteria/055-nKnowlesPdamAnti_S55_L001_R2_001.fastq.gz
PAN-83_Baseline_056	/Users/mikeconnelly/computing/projects/anti_phys/data/reads_bacteria/056-nKnowlesPdamAnti_S56_L001_R1_001.fastq.gz	/Users/mikeconnelly/computing/projects/anti_phys/data/reads_bacteria/056-nKnowlesPdamAnti_S56_L001_R2_001.fastq.gz
PAN-5_Control_057	/Users/mikeconnelly/computing/projects/anti_phys/data/reads_bacteria/057-nKnowlesPdamAnti_S57_L001_R1_001.fastq.gz	/Users/mikeconnelly/computing/projects/anti_phys/data/reads_bacteria/057-nKnowlesPdamAnti_S57_L001_R2_001.fastq.gz
PAN-5_Control_058	/Users/mikeconnelly/computing/projects/anti_phys/data/reads_bacteria/058-nKnowlesPdamAnti_S58_L001_R1_001.fastq.gz	/Users/mikeconnelly/computing/projects/anti_phys/data/reads_bacteria/058-nKnowlesPdamAnti_S58_L001_R2_001.fastq.gz
PAN-5_Control_059	/Users/mikeconnelly/computing/projects/anti_phys/data/reads_bacteria/059-nKnowlesPdamAnti_S59_L001_R1_001.fastq.gz	/Users/mikeconnelly/computing/projects/anti_phys/data/reads_bacteria/059-nKnowlesPdamAnti_S59_L001_R2_001.fastq.gz
PAN-5_Control_060	/Users/mikeconnelly/computing/projects/anti_phys/data/reads_bacteria/060-nKnowlesPdamAnti_S60_L001_R1_001.fastq.gz	/Users/mikeconnelly/computing/projects/anti_phys/data/reads_bacteria/060-nKnowlesPdamAnti_S60_L001_R2_001.fastq.gz
PAN-10_Control_061	/Users/mikeconnelly/computing/projects/anti_phys/data/reads_bacteria/061-nKnowlesPdamAnti_S61_L001_R1_001.fastq.gz	/Users/mikeconnelly/computing/projects/anti_phys/data/reads_bacteria/061-nKnowlesPdamAnti_S61_L001_R2_001.fastq.gz
PAN-10_Control_062	/Users/mikeconnelly/computing/projects/anti_phys/data/reads_bacteria/062-nKnowlesPdamAnti_S62_L001_R1_001.fastq.gz	/Users/mikeconnelly/computing/projects/anti_phys/data/reads_bacteria/062-nKnowlesPdamAnti_S62_L001_R2_001.fastq.gz
PAN-10_Control_063	/Users/mikeconnelly/computing/projects/anti_phys/data/reads_bacteria/063-nKnowlesPdamAnti_S63_L001_R1_001.fastq.gz	/Users/mikeconnelly/computing/projects/anti_phys/data/reads_bacteria/063-nKnowlesPdamAnti_S63_L001_R2_001.fastq.gz
PAN-10_Control_064	/Users/mikeconnelly/computing/projects/anti_phys/data/reads_bacteria/064-nKnowlesPdamAnti_S64_L001_R1_001.fastq.gz	/Users/mikeconnelly/computing/projects/anti_phys/data/reads_bacteria/064-nKnowlesPdamAnti_S64_L001_R2_001.fastq.gz
PAN-32_Control_065	/Users/mikeconnelly/computing/projects/anti_phys/data/reads_bacteria/065-nKnowlesPdamAnti_S65_L001_R1_001.fastq.gz	/Users/mikeconnelly/computing/projects/anti_phys/data/reads_bacteria/065-nKnowlesPdamAnti_S65_L001_R2_001.fastq.gz
PAN-32_Control_066	/Users/mikeconnelly/computing/projects/anti_phys/data/reads_bacteria/066-nKnowlesPdamAnti_S66_L001_R1_001.fastq.gz	/Users/mikeconnelly/computing/projects/anti_phys/data/reads_bacteria/066-nKnowlesPdamAnti_S66_L001_R2_001.fastq.gz
PAN-32_Control_067	/Users/mikeconnelly/computing/projects/anti_phys/data/reads_bacteria/067-nKnowlesPdamAnti_S67_L001_R1_001.fastq.gz	/Users/mikeconnelly/computing/projects/anti_phys/data/reads_bacteria/067-nKnowlesPdamAnti_S67_L001_R2_001.fastq.gz
PAN-32_Control_068	/Users/mikeconnelly/computing/projects/anti_phys/data/reads_bacteria/068-nKnowlesPdamAnti_S68_L001_R1_001.fastq.gz	/Users/mikeconnelly/computing/projects/anti_phys/data/reads_bacteria/068-nKnowlesPdamAnti_S68_L001_R2_001.fastq.gz
PAN-34_Control_069	/Users/mikeconnelly/computing/projects/anti_phys/data/reads_bacteria/069-nKnowlesPdamAnti_S69_L001_R1_001.fastq.gz	/Users/mikeconnelly/computing/projects/anti_phys/data/reads_bacteria/069-nKnowlesPdamAnti_S69_L001_R2_001.fastq.gz
PAN-34_Control_070	/Users/mikeconnelly/computing/projects/anti_phys/data/reads_bacteria/070-nKnowlesPdamAnti_S70_L001_R1_001.fastq.gz	/Users/mikeconnelly/computing/projects/anti_phys/data/reads_bacteria/070-nKnowlesPdamAnti_S70_L001_R2_001.fastq.gz
PAN-34_Control_071	/Users/mikeconnelly/computing/projects/anti_phys/data/reads_bacteria/071-nKnowlesPdamAnti_S71_L001_R1_001.fastq.gz	/Users/mikeconnelly/computing/projects/anti_phys/data/reads_bacteria/071-nKnowlesPdamAnti_S71_L001_R2_001.fastq.gz
PAN-34_Control_072	/Users/mikeconnelly/computing/projects/anti_phys/data/reads_bacteria/072-nKnowlesPdamAnti_S72_L001_R1_001.fastq.gz	/Users/mikeconnelly/computing/projects/anti_phys/data/reads_bacteria/072-nKnowlesPdamAnti_S72_L001_R2_001.fastq.gz
PAN-35_Control_073	/Users/mikeconnelly/computing/projects/anti_phys/data/reads_bacteria/073-nKnowlesPdamAnti_S73_L001_R1_001.fastq.gz	/Users/mikeconnelly/computing/projects/anti_phys/data/reads_bacteria/073-nKnowlesPdamAnti_S73_L001_R2_001.fastq.gz
PAN-35_Control_074	/Users/mikeconnelly/computing/projects/anti_phys/data/reads_bacteria/074-nKnowlesPdamAnti_S74_L001_R1_001.fastq.gz	/Users/mikeconnelly/computing/projects/anti_phys/data/reads_bacteria/074-nKnowlesPdamAnti_S74_L001_R2_001.fastq.gz
PAN-35_Control_075	/Users/mikeconnelly/computing/projects/anti_phys/data/reads_bacteria/075-nKnowlesPdamAnti_S75_L001_R1_001.fastq.gz	/Users/mikeconnelly/computing/projects/anti_phys/data/reads_bacteria/075-nKnowlesPdamAnti_S75_L001_R2_001.fastq.gz
PAN-35_Control_076	/Users/mikeconnelly/computing/projects/anti_phys/data/reads_bacteria/076-nKnowlesPdamAnti_S76_L001_R1_001.fastq.gz	/Users/mikeconnelly/computing/projects/anti_phys/data/reads_bacteria/076-nKnowlesPdamAnti_S76_L001_R2_001.fastq.gz
PAN-37_Control_077	/Users/mikeconnelly/computing/projects/anti_phys/data/reads_bacteria/077-nKnowlesPdamAnti_S77_L001_R1_001.fastq.gz	/Users/mikeconnelly/computing/projects/anti_phys/data/reads_bacteria/077-nKnowlesPdamAnti_S77_L001_R2_001.fastq.gz
PAN-37_Control_078	/Users/mikeconnelly/computing/projects/anti_phys/data/reads_bacteria/078-nKnowlesPdamAnti_S78_L001_R1_001.fastq.gz	/Users/mikeconnelly/computing/projects/anti_phys/data/reads_bacteria/078-nKnowlesPdamAnti_S78_L001_R2_001.fastq.gz
PAN-37_Control_079	/Users/mikeconnelly/computing/projects/anti_phys/data/reads_bacteria/079-nKnowlesPdamAnti_S79_L001_R1_001.fastq.gz	/Users/mikeconnelly/computing/projects/anti_phys/data/reads_bacteria/079-nKnowlesPdamAnti_S79_L001_R2_001.fastq.gz
PAN-37_Control_080	/Users/mikeconnelly/computing/projects/anti_phys/data/reads_bacteria/080-nKnowlesPdamAnti_S80_L001_R1_001.fastq.gz	/Users/mikeconnelly/computing/projects/anti_phys/data/reads_bacteria/080-nKnowlesPdamAnti_S80_L001_R2_001.fastq.gz
PAN-39_Control_081	/Users/mikeconnelly/computing/projects/anti_phys/data/reads_bacteria/081-nKnowlesPdamAnti_S81_L001_R1_001.fastq.gz	/Users/mikeconnelly/computing/projects/anti_phys/data/reads_bacteria/081-nKnowlesPdamAnti_S81_L001_R2_001.fastq.gz
PAN-39_Control_082	/Users/mikeconnelly/computing/projects/anti_phys/data/reads_bacteria/082-nKnowlesPdamAnti_S82_L001_R1_001.fastq.gz	/Users/mikeconnelly/computing/projects/anti_phys/data/reads_bacteria/082-nKnowlesPdamAnti_S82_L001_R2_001.fastq.gz
PAN-39_Control_083	/Users/mikeconnelly/computing/projects/anti_phys/data/reads_bacteria/083-nKnowlesPdamAnti_S83_L001_R1_001.fastq.gz	/Users/mikeconnelly/computing/projects/anti_phys/data/reads_bacteria/083-nKnowlesPdamAnti_S83_L001_R2_001.fastq.gz
PAN-39_Control_084	/Users/mikeconnelly/computing/projects/anti_phys/data/reads_bacteria/084-nKnowlesPdamAnti_S84_L001_R1_001.fastq.gz	/Users/mikeconnelly/computing/projects/anti_phys/data/reads_bacteria/084-nKnowlesPdamAnti_S84_L001_R2_001.fastq.gz
PAN-41_Control_085	/Users/mikeconnelly/computing/projects/anti_phys/data/reads_bacteria/085-nKnowlesPdamAnti_S85_L001_R1_001.fastq.gz	/Users/mikeconnelly/computing/projects/anti_phys/data/reads_bacteria/085-nKnowlesPdamAnti_S85_L001_R2_001.fastq.gz
PAN-41_Control_086	/Users/mikeconnelly/computing/projects/anti_phys/data/reads_bacteria/086-nKnowlesPdamAnti_S86_L001_R1_001.fastq.gz	/Users/mikeconnelly/computing/projects/anti_phys/data/reads_bacteria/086-nKnowlesPdamAnti_S86_L001_R2_001.fastq.gz
PAN-41_Control_087	/Users/mikeconnelly/computing/projects/anti_phys/data/reads_bacteria/087-nKnowlesPdamAnti_S87_L001_R1_001.fastq.gz	/Users/mikeconnelly/computing/projects/anti_phys/data/reads_bacteria/087-nKnowlesPdamAnti_S87_L001_R2_001.fastq.gz
PAN-41_Control_088	/Users/mikeconnelly/computing/projects/anti_phys/data/reads_bacteria/088-nKnowlesPdamAnti_S88_L001_R1_001.fastq.gz	/Users/mikeconnelly/computing/projects/anti_phys/data/reads_bacteria/088-nKnowlesPdamAnti_S88_L001_R2_001.fastq.gz
PAN-43_Control_089	/Users/mikeconnelly/computing/projects/anti_phys/data/reads_bacteria/089-nKnowlesPdamAnti_S89_L001_R1_001.fastq.gz	/Users/mikeconnelly/computing/projects/anti_phys/data/reads_bacteria/089-nKnowlesPdamAnti_S89_L001_R2_001.fastq.gz
PAN-43_Control_090	/Users/mikeconnelly/computing/projects/anti_phys/data/reads_bacteria/090-nKnowlesPdamAnti_S90_L001_R1_001.fastq.gz	/Users/mikeconnelly/computing/projects/anti_phys/data/reads_bacteria/090-nKnowlesPdamAnti_S90_L001_R2_001.fastq.gz
PAN-43_Control_091	/Users/mikeconnelly/computing/projects/anti_phys/data/reads_bacteria/091-nKnowlesPdamAnti_S91_L001_R1_001.fastq.gz	/Users/mikeconnelly/computing/projects/anti_phys/data/reads_bacteria/091-nKnowlesPdamAnti_S91_L001_R2_001.fastq.gz
PAN-43_Control_092	/Users/mikeconnelly/computing/projects/anti_phys/data/reads_bacteria/092-nKnowlesPdamAnti_S92_L001_R1_001.fastq.gz	/Users/mikeconnelly/computing/projects/anti_phys/data/reads_bacteria/092-nKnowlesPdamAnti_S92_L001_R2_001.fastq.gz
PAN-44_Control_093	/Users/mikeconnelly/computing/projects/anti_phys/data/reads_bacteria/093-nKnowlesPdamAnti_S93_L001_R1_001.fastq.gz	/Users/mikeconnelly/computing/projects/anti_phys/data/reads_bacteria/093-nKnowlesPdamAnti_S93_L001_R2_001.fastq.gz
PAN-44_Control_094	/Users/mikeconnelly/computing/projects/anti_phys/data/reads_bacteria/094-nKnowlesPdamAnti_S94_L001_R1_001.fastq.gz	/Users/mikeconnelly/computing/projects/anti_phys/data/reads_bacteria/094-nKnowlesPdamAnti_S94_L001_R2_001.fastq.gz
PAN-44_Control_095	/Users/mikeconnelly/computing/projects/anti_phys/data/reads_bacteria/095-nKnowlesPdamAnti_S95_L001_R1_001.fastq.gz	/Users/mikeconnelly/computing/projects/anti_phys/data/reads_bacteria/095-nKnowlesPdamAnti_S95_L001_R2_001.fastq.gz
PAN-44_Control_096	/Users/mikeconnelly/computing/projects/anti_phys/data/reads_bacteria/096-nKnowlesPdamAnti_S96_L001_R1_001.fastq.gz	/Users/mikeconnelly/computing/projects/anti_phys/data/reads_bacteria/096-nKnowlesPdamAnti_S96_L001_R2_001.fastq.gz
URA-51_Control_097	/Users/mikeconnelly/computing/projects/anti_phys/data/reads_bacteria/097-nKnowlesPdamAnti_S97_L001_R1_001.fastq.gz	/Users/mikeconnelly/computing/projects/anti_phys/data/reads_bacteria/097-nKnowlesPdamAnti_S97_L001_R2_001.fastq.gz
URA-51_Control_098	/Users/mikeconnelly/computing/projects/anti_phys/data/reads_bacteria/098-nKnowlesPdamAnti_S98_L001_R1_001.fastq.gz	/Users/mikeconnelly/computing/projects/anti_phys/data/reads_bacteria/098-nKnowlesPdamAnti_S98_L001_R2_001.fastq.gz
URA-51_Control_099	/Users/mikeconnelly/computing/projects/anti_phys/data/reads_bacteria/099-nKnowlesPdamAnti_S99_L001_R1_001.fastq.gz	/Users/mikeconnelly/computing/projects/anti_phys/data/reads_bacteria/099-nKnowlesPdamAnti_S99_L001_R2_001.fastq.gz
URA-51_Control_100	/Users/mikeconnelly/computing/projects/anti_phys/data/reads_bacteria/100-nKnowlesPdamAnti_S100_L001_R1_001.fastq.gz	/Users/mikeconnelly/computing/projects/anti_phys/data/reads_bacteria/100-nKnowlesPdamAnti_S100_L001_R2_001.fastq.gz
PAN-78_Control_101	/Users/mikeconnelly/computing/projects/anti_phys/data/reads_bacteria/101-nKnowlesPdamAnti_S101_L001_R1_001.fastq.gz	/Users/mikeconnelly/computing/projects/anti_phys/data/reads_bacteria/101-nKnowlesPdamAnti_S101_L001_R2_001.fastq.gz
PAN-78_Control_102	/Users/mikeconnelly/computing/projects/anti_phys/data/reads_bacteria/102-nKnowlesPdamAnti_S102_L001_R1_001.fastq.gz	/Users/mikeconnelly/computing/projects/anti_phys/data/reads_bacteria/102-nKnowlesPdamAnti_S102_L001_R2_001.fastq.gz
PAN-78_Control_103	/Users/mikeconnelly/computing/projects/anti_phys/data/reads_bacteria/103-nKnowlesPdamAnti_S103_L001_R1_001.fastq.gz	/Users/mikeconnelly/computing/projects/anti_phys/data/reads_bacteria/103-nKnowlesPdamAnti_S103_L001_R2_001.fastq.gz
PAN-78_Control_104	/Users/mikeconnelly/computing/projects/anti_phys/data/reads_bacteria/104-nKnowlesPdamAnti_S104_L001_R1_001.fastq.gz	/Users/mikeconnelly/computing/projects/anti_phys/data/reads_bacteria/104-nKnowlesPdamAnti_S104_L001_R2_001.fastq.gz
PAN-79_Control_105	/Users/mikeconnelly/computing/projects/anti_phys/data/reads_bacteria/105-nKnowlesPdamAnti_S105_L001_R1_001.fastq.gz	/Users/mikeconnelly/computing/projects/anti_phys/data/reads_bacteria/105-nKnowlesPdamAnti_S105_L001_R2_001.fastq.gz
PAN-79_Control_106	/Users/mikeconnelly/computing/projects/anti_phys/data/reads_bacteria/106-nKnowlesPdamAnti_S106_L001_R1_001.fastq.gz	/Users/mikeconnelly/computing/projects/anti_phys/data/reads_bacteria/106-nKnowlesPdamAnti_S106_L001_R2_001.fastq.gz
PAN-79_Control_107	/Users/mikeconnelly/computing/projects/anti_phys/data/reads_bacteria/107-nKnowlesPdamAnti_S107_L001_R1_001.fastq.gz	/Users/mikeconnelly/computing/projects/anti_phys/data/reads_bacteria/107-nKnowlesPdamAnti_S107_L001_R2_001.fastq.gz
PAN-79_Control_108	/Users/mikeconnelly/computing/projects/anti_phys/data/reads_bacteria/108-nKnowlesPdamAnti_S108_L001_R1_001.fastq.gz	/Users/mikeconnelly/computing/projects/anti_phys/data/reads_bacteria/108-nKnowlesPdamAnti_S108_L001_R2_001.fastq.gz
PAN-83_Control_109	/Users/mikeconnelly/computing/projects/anti_phys/data/reads_bacteria/109-nKnowlesPdamAnti_S109_L001_R1_001.fastq.gz	/Users/mikeconnelly/computing/projects/anti_phys/data/reads_bacteria/109-nKnowlesPdamAnti_S109_L001_R2_001.fastq.gz
PAN-83_Control_110	/Users/mikeconnelly/computing/projects/anti_phys/data/reads_bacteria/110-nKnowlesPdamAnti_S110_L001_R1_001.fastq.gz	/Users/mikeconnelly/computing/projects/anti_phys/data/reads_bacteria/110-nKnowlesPdamAnti_S110_L001_R2_001.fastq.gz
PAN-83_Control_111	/Users/mikeconnelly/computing/projects/anti_phys/data/reads_bacteria/111-nKnowlesPdamAnti_S111_L001_R1_001.fastq.gz	/Users/mikeconnelly/computing/projects/anti_phys/data/reads_bacteria/111-nKnowlesPdamAnti_S111_L001_R2_001.fastq.gz
PAN-83_Control_112	/Users/mikeconnelly/computing/projects/anti_phys/data/reads_bacteria/112-nKnowlesPdamAnti_S112_L001_R1_001.fastq.gz	/Users/mikeconnelly/computing/projects/anti_phys/data/reads_bacteria/112-nKnowlesPdamAnti_S112_L001_R2_001.fastq.gz
PAN-5_Antibiotics_113	/Users/mikeconnelly/computing/projects/anti_phys/data/reads_bacteria/113-nKnowlesPdamAnti_S113_L001_R1_001.fastq.gz	/Users/mikeconnelly/computing/projects/anti_phys/data/reads_bacteria/113-nKnowlesPdamAnti_S113_L001_R2_001.fastq.gz
PAN-5_Antibiotics_114	/Users/mikeconnelly/computing/projects/anti_phys/data/reads_bacteria/114-nKnowlesPdamAnti_S114_L001_R1_001.fastq.gz	/Users/mikeconnelly/computing/projects/anti_phys/data/reads_bacteria/114-nKnowlesPdamAnti_S114_L001_R2_001.fastq.gz
PAN-5_Antibiotics_115	/Users/mikeconnelly/computing/projects/anti_phys/data/reads_bacteria/115-nKnowlesPdamAnti_S115_L001_R1_001.fastq.gz	/Users/mikeconnelly/computing/projects/anti_phys/data/reads_bacteria/115-nKnowlesPdamAnti_S115_L001_R2_001.fastq.gz
PAN-5_Antibiotics_116	/Users/mikeconnelly/computing/projects/anti_phys/data/reads_bacteria/116-nKnowlesPdamAnti_S116_L001_R1_001.fastq.gz	/Users/mikeconnelly/computing/projects/anti_phys/data/reads_bacteria/116-nKnowlesPdamAnti_S116_L001_R2_001.fastq.gz
PAN-10_Antibiotics_117	/Users/mikeconnelly/computing/projects/anti_phys/data/reads_bacteria/117-nKnowlesPdamAnti_S117_L001_R1_001.fastq.gz	/Users/mikeconnelly/computing/projects/anti_phys/data/reads_bacteria/117-nKnowlesPdamAnti_S117_L001_R2_001.fastq.gz
PAN-10_Antibiotics_118	/Users/mikeconnelly/computing/projects/anti_phys/data/reads_bacteria/118-nKnowlesPdamAnti_S118_L001_R1_001.fastq.gz	/Users/mikeconnelly/computing/projects/anti_phys/data/reads_bacteria/118-nKnowlesPdamAnti_S118_L001_R2_001.fastq.gz
PAN-10_Antibiotics_119	/Users/mikeconnelly/computing/projects/anti_phys/data/reads_bacteria/119-nKnowlesPdamAnti_S119_L001_R1_001.fastq.gz	/Users/mikeconnelly/computing/projects/anti_phys/data/reads_bacteria/119-nKnowlesPdamAnti_S119_L001_R2_001.fastq.gz
PAN-10_Antibiotics_120	/Users/mikeconnelly/computing/projects/anti_phys/data/reads_bacteria/120-nKnowlesPdamAnti_S120_L001_R1_001.fastq.gz	/Users/mikeconnelly/computing/projects/anti_phys/data/reads_bacteria/120-nKnowlesPdamAnti_S120_L001_R2_001.fastq.gz
PAN-32_Antibiotics_121	/Users/mikeconnelly/computing/projects/anti_phys/data/reads_bacteria/121-nKnowlesPdamAnti_S121_L001_R1_001.fastq.gz	/Users/mikeconnelly/computing/projects/anti_phys/data/reads_bacteria/121-nKnowlesPdamAnti_S121_L001_R2_001.fastq.gz
PAN-32_Antibiotics_122	/Users/mikeconnelly/computing/projects/anti_phys/data/reads_bacteria/122-nKnowlesPdamAnti_S122_L001_R1_001.fastq.gz	/Users/mikeconnelly/computing/projects/anti_phys/data/reads_bacteria/122-nKnowlesPdamAnti_S122_L001_R2_001.fastq.gz
PAN-32_Antibiotics_123	/Users/mikeconnelly/computing/projects/anti_phys/data/reads_bacteria/123-nKnowlesPdamAnti_S123_L001_R1_001.fastq.gz	/Users/mikeconnelly/computing/projects/anti_phys/data/reads_bacteria/123-nKnowlesPdamAnti_S123_L001_R2_001.fastq.gz
PAN-32_Antibiotics_124	/Users/mikeconnelly/computing/projects/anti_phys/data/reads_bacteria/124-nKnowlesPdamAnti_S124_L001_R1_001.fastq.gz	/Users/mikeconnelly/computing/projects/anti_phys/data/reads_bacteria/124-nKnowlesPdamAnti_S124_L001_R2_001.fastq.gz
PAN-34_Antibiotics_125	/Users/mikeconnelly/computing/projects/anti_phys/data/reads_bacteria/125-nKnowlesPdamAnti_S125_L001_R1_001.fastq.gz	/Users/mikeconnelly/computing/projects/anti_phys/data/reads_bacteria/125-nKnowlesPdamAnti_S125_L001_R2_001.fastq.gz
PAN-34_Antibiotics_126	/Users/mikeconnelly/computing/projects/anti_phys/data/reads_bacteria/126-nKnowlesPdamAnti_S126_L001_R1_001.fastq.gz	/Users/mikeconnelly/computing/projects/anti_phys/data/reads_bacteria/126-nKnowlesPdamAnti_S126_L001_R2_001.fastq.gz
PAN-34_Antibiotics_127	/Users/mikeconnelly/computing/projects/anti_phys/data/reads_bacteria/127-nKnowlesPdamAnti_S127_L001_R1_001.fastq.gz	/Users/mikeconnelly/computing/projects/anti_phys/data/reads_bacteria/127-nKnowlesPdamAnti_S127_L001_R2_001.fastq.gz
PAN-34_Antibiotics_128	/Users/mikeconnelly/computing/projects/anti_phys/data/reads_bacteria/128-nKnowlesPdamAnti_S128_L001_R1_001.fastq.gz	/Users/mikeconnelly/computing/projects/anti_phys/data/reads_bacteria/128-nKnowlesPdamAnti_S128_L001_R2_001.fastq.gz
PAN-35_Antibiotics_129	/Users/mikeconnelly/computing/projects/anti_phys/data/reads_bacteria/129-nKnowlesPdamAnti_S129_L001_R1_001.fastq.gz	/Users/mikeconnelly/computing/projects/anti_phys/data/reads_bacteria/129-nKnowlesPdamAnti_S129_L001_R2_001.fastq.gz
PAN-35_Antibiotics_130	/Users/mikeconnelly/computing/projects/anti_phys/data/reads_bacteria/130-nKnowlesPdamAnti_S130_L001_R1_001.fastq.gz	/Users/mikeconnelly/computing/projects/anti_phys/data/reads_bacteria/130-nKnowlesPdamAnti_S130_L001_R2_001.fastq.gz
PAN-35_Antibiotics_131	/Users/mikeconnelly/computing/projects/anti_phys/data/reads_bacteria/131-nKnowlesPdamAnti_S131_L001_R1_001.fastq.gz	/Users/mikeconnelly/computing/projects/anti_phys/data/reads_bacteria/131-nKnowlesPdamAnti_S131_L001_R2_001.fastq.gz
PAN-35_Antibiotics_132	/Users/mikeconnelly/computing/projects/anti_phys/data/reads_bacteria/132-nKnowlesPdamAnti_S132_L001_R1_001.fastq.gz	/Users/mikeconnelly/computing/projects/anti_phys/data/reads_bacteria/132-nKnowlesPdamAnti_S132_L001_R2_001.fastq.gz
PAN-37_Antibiotics_133	/Users/mikeconnelly/computing/projects/anti_phys/data/reads_bacteria/133-nKnowlesPdamAnti_S133_L001_R1_001.fastq.gz	/Users/mikeconnelly/computing/projects/anti_phys/data/reads_bacteria/133-nKnowlesPdamAnti_S133_L001_R2_001.fastq.gz
PAN-37_Antibiotics_134	/Users/mikeconnelly/computing/projects/anti_phys/data/reads_bacteria/134-nKnowlesPdamAnti_S134_L001_R1_001.fastq.gz	/Users/mikeconnelly/computing/projects/anti_phys/data/reads_bacteria/134-nKnowlesPdamAnti_S134_L001_R2_001.fastq.gz
PAN-37_Antibiotics_135	/Users/mikeconnelly/computing/projects/anti_phys/data/reads_bacteria/135-nKnowlesPdamAnti_S135_L001_R1_001.fastq.gz	/Users/mikeconnelly/computing/projects/anti_phys/data/reads_bacteria/135-nKnowlesPdamAnti_S135_L001_R2_001.fastq.gz
PAN-37_Antibiotics_136	/Users/mikeconnelly/computing/projects/anti_phys/data/reads_bacteria/136-nKnowlesPdamAnti_S136_L001_R1_001.fastq.gz	/Users/mikeconnelly/computing/projects/anti_phys/data/reads_bacteria/136-nKnowlesPdamAnti_S136_L001_R2_001.fastq.gz
PAN-39_Antibiotics_137	/Users/mikeconnelly/computing/projects/anti_phys/data/reads_bacteria/137-nKnowlesPdamAnti_S137_L001_R1_001.fastq.gz	/Users/mikeconnelly/computing/projects/anti_phys/data/reads_bacteria/137-nKnowlesPdamAnti_S137_L001_R2_001.fastq.gz
PAN-39_Antibiotics_138	/Users/mikeconnelly/computing/projects/anti_phys/data/reads_bacteria/138-nKnowlesPdamAnti_S138_L001_R1_001.fastq.gz	/Users/mikeconnelly/computing/projects/anti_phys/data/reads_bacteria/138-nKnowlesPdamAnti_S138_L001_R2_001.fastq.gz
PAN-39_Antibiotics_139	/Users/mikeconnelly/computing/projects/anti_phys/data/reads_bacteria/139-nKnowlesPdamAnti_S139_L001_R1_001.fastq.gz	/Users/mikeconnelly/computing/projects/anti_phys/data/reads_bacteria/139-nKnowlesPdamAnti_S139_L001_R2_001.fastq.gz
PAN-39_Antibiotics_140	/Users/mikeconnelly/computing/projects/anti_phys/data/reads_bacteria/140-nKnowlesPdamAnti_S140_L001_R1_001.fastq.gz	/Users/mikeconnelly/computing/projects/anti_phys/data/reads_bacteria/140-nKnowlesPdamAnti_S140_L001_R2_001.fastq.gz
PAN-41_Antibiotics_141	/Users/mikeconnelly/computing/projects/anti_phys/data/reads_bacteria/141-nKnowlesPdamAnti_S141_L001_R1_001.fastq.gz	/Users/mikeconnelly/computing/projects/anti_phys/data/reads_bacteria/141-nKnowlesPdamAnti_S141_L001_R2_001.fastq.gz
PAN-41_Antibiotics_142	/Users/mikeconnelly/computing/projects/anti_phys/data/reads_bacteria/142-nKnowlesPdamAnti_S142_L001_R1_001.fastq.gz	/Users/mikeconnelly/computing/projects/anti_phys/data/reads_bacteria/142-nKnowlesPdamAnti_S142_L001_R2_001.fastq.gz
PAN-41_Antibiotics_143	/Users/mikeconnelly/computing/projects/anti_phys/data/reads_bacteria/143-nKnowlesPdamAnti_S143_L001_R1_001.fastq.gz	/Users/mikeconnelly/computing/projects/anti_phys/data/reads_bacteria/143-nKnowlesPdamAnti_S143_L001_R2_001.fastq.gz
PAN-41_Antibiotics_144	/Users/mikeconnelly/computing/projects/anti_phys/data/reads_bacteria/144-nKnowlesPdamAnti_S144_L001_R1_001.fastq.gz	/Users/mikeconnelly/computing/projects/anti_phys/data/reads_bacteria/144-nKnowlesPdamAnti_S144_L001_R2_001.fastq.gz
PAN-43_Antibiotics_145	/Users/mikeconnelly/computing/projects/anti_phys/data/reads_bacteria/145-nKnowlesPdamAnti_S145_L001_R1_001.fastq.gz	/Users/mikeconnelly/computing/projects/anti_phys/data/reads_bacteria/145-nKnowlesPdamAnti_S145_L001_R2_001.fastq.gz
PAN-43_Antibiotics_146	/Users/mikeconnelly/computing/projects/anti_phys/data/reads_bacteria/146-nKnowlesPdamAnti_S146_L001_R1_001.fastq.gz	/Users/mikeconnelly/computing/projects/anti_phys/data/reads_bacteria/146-nKnowlesPdamAnti_S146_L001_R2_001.fastq.gz
PAN-43_Antibiotics_147	/Users/mikeconnelly/computing/projects/anti_phys/data/reads_bacteria/147-nKnowlesPdamAnti_S147_L001_R1_001.fastq.gz	/Users/mikeconnelly/computing/projects/anti_phys/data/reads_bacteria/147-nKnowlesPdamAnti_S147_L001_R2_001.fastq.gz
PAN-43_Antibiotics_148	/Users/mikeconnelly/computing/projects/anti_phys/data/reads_bacteria/148-nKnowlesPdamAnti_S148_L001_R1_001.fastq.gz	/Users/mikeconnelly/computing/projects/anti_phys/data/reads_bacteria/148-nKnowlesPdamAnti_S148_L001_R2_001.fastq.gz
PAN-44_Antibiotics_149	/Users/mikeconnelly/computing/projects/anti_phys/data/reads_bacteria/149-nKnowlesPdamAnti_S149_L001_R1_001.fastq.gz	/Users/mikeconnelly/computing/projects/anti_phys/data/reads_bacteria/149-nKnowlesPdamAnti_S149_L001_R2_001.fastq.gz
PAN-44_Antibiotics_150	/Users/mikeconnelly/computing/projects/anti_phys/data/reads_bacteria/150-nKnowlesPdamAnti_S150_L001_R1_001.fastq.gz	/Users/mikeconnelly/computing/projects/anti_phys/data/reads_bacteria/150-nKnowlesPdamAnti_S150_L001_R2_001.fastq.gz
PAN-44_Antibiotics_151	/Users/mikeconnelly/computing/projects/anti_phys/data/reads_bacteria/151-nKnowlesPdamAnti_S151_L001_R1_001.fastq.gz	/Users/mikeconnelly/computing/projects/anti_phys/data/reads_bacteria/151-nKnowlesPdamAnti_S151_L001_R2_001.fastq.gz
PAN-44_Antibiotics_152	/Users/mikeconnelly/computing/projects/anti_phys/data/reads_bacteria/152-nKnowlesPdamAnti_S152_L001_R1_001.fastq.gz	/Users/mikeconnelly/computing/projects/anti_phys/data/reads_bacteria/152-nKnowlesPdamAnti_S152_L001_R2_001.fastq.gz
URA-51_Antibiotics_153	/Users/mikeconnelly/computing/projects/anti_phys/data/reads_bacteria/153-nKnowlesPdamAnti_S153_L001_R1_001.fastq.gz	/Users/mikeconnelly/computing/projects/anti_phys/data/reads_bacteria/153-nKnowlesPdamAnti_S153_L001_R2_001.fastq.gz
URA-51_Antibiotics_154	/Users/mikeconnelly/computing/projects/anti_phys/data/reads_bacteria/154-nKnowlesPdamAnti_S154_L001_R1_001.fastq.gz	/Users/mikeconnelly/computing/projects/anti_phys/data/reads_bacteria/154-nKnowlesPdamAnti_S154_L001_R2_001.fastq.gz
URA-51_Antibiotics_155	/Users/mikeconnelly/computing/projects/anti_phys/data/reads_bacteria/155-nKnowlesPdamAnti_S155_L001_R1_001.fastq.gz	/Users/mikeconnelly/computing/projects/anti_phys/data/reads_bacteria/155-nKnowlesPdamAnti_S155_L001_R2_001.fastq.gz
URA-51_Antibiotics_156	/Users/mikeconnelly/computing/projects/anti_phys/data/reads_bacteria/156-nKnowlesPdamAnti_S156_L001_R1_001.fastq.gz	/Users/mikeconnelly/computing/projects/anti_phys/data/reads_bacteria/156-nKnowlesPdamAnti_S156_L001_R2_001.fastq.gz
PAN-78_Antibiotics_157	/Users/mikeconnelly/computing/projects/anti_phys/data/reads_bacteria/157-nKnowlesPdamAnti_S157_L001_R1_001.fastq.gz	/Users/mikeconnelly/computing/projects/anti_phys/data/reads_bacteria/157-nKnowlesPdamAnti_S157_L001_R2_001.fastq.gz
PAN-78_Antibiotics_158	/Users/mikeconnelly/computing/projects/anti_phys/data/reads_bacteria/158-nKnowlesPdamAnti_S158_L001_R1_001.fastq.gz	/Users/mikeconnelly/computing/projects/anti_phys/data/reads_bacteria/158-nKnowlesPdamAnti_S158_L001_R2_001.fastq.gz
PAN-78_Antibiotics_159	/Users/mikeconnelly/computing/projects/anti_phys/data/reads_bacteria/159-nKnowlesPdamAnti_S159_L001_R1_001.fastq.gz	/Users/mikeconnelly/computing/projects/anti_phys/data/reads_bacteria/159-nKnowlesPdamAnti_S159_L001_R2_001.fastq.gz
PAN-78_Antibiotics_160	/Users/mikeconnelly/computing/projects/anti_phys/data/reads_bacteria/160-nKnowlesPdamAnti_S160_L001_R1_001.fastq.gz	/Users/mikeconnelly/computing/projects/anti_phys/data/reads_bacteria/160-nKnowlesPdamAnti_S160_L001_R2_001.fastq.gz
PAN-79_Antibiotics_161	/Users/mikeconnelly/computing/projects/anti_phys/data/reads_bacteria/161-nKnowlesPdamAnti_S161_L001_R1_001.fastq.gz	/Users/mikeconnelly/computing/projects/anti_phys/data/reads_bacteria/161-nKnowlesPdamAnti_S161_L001_R2_001.fastq.gz
PAN-79_Antibiotics_162	/Users/mikeconnelly/computing/projects/anti_phys/data/reads_bacteria/162-nKnowlesPdamAnti_S162_L001_R1_001.fastq.gz	/Users/mikeconnelly/computing/projects/anti_phys/data/reads_bacteria/162-nKnowlesPdamAnti_S162_L001_R2_001.fastq.gz
PAN-79_Antibiotics_163	/Users/mikeconnelly/computing/projects/anti_phys/data/reads_bacteria/163-nKnowlesPdamAnti_S163_L001_R1_001.fastq.gz	/Users/mikeconnelly/computing/projects/anti_phys/data/reads_bacteria/163-nKnowlesPdamAnti_S163_L001_R2_001.fastq.gz
PAN-79_Antibiotics_164	/Users/mikeconnelly/computing/projects/anti_phys/data/reads_bacteria/164-nKnowlesPdamAnti_S164_L001_R1_001.fastq.gz	/Users/mikeconnelly/computing/projects/anti_phys/data/reads_bacteria/164-nKnowlesPdamAnti_S164_L001_R2_001.fastq.gz
PAN-83_Antibiotics_165	/Users/mikeconnelly/computing/projects/anti_phys/data/reads_bacteria/165-nKnowlesPdamAnti_S165_L001_R1_001.fastq.gz	/Users/mikeconnelly/computing/projects/anti_phys/data/reads_bacteria/165-nKnowlesPdamAnti_S165_L001_R2_001.fastq.gz
PAN-83_Antibiotics_166	/Users/mikeconnelly/computing/projects/anti_phys/data/reads_bacteria/166-nKnowlesPdamAnti_S166_L001_R1_001.fastq.gz	/Users/mikeconnelly/computing/projects/anti_phys/data/reads_bacteria/166-nKnowlesPdamAnti_S166_L001_R2_001.fastq.gz
PAN-83_Antibiotics_167	/Users/mikeconnelly/computing/projects/anti_phys/data/reads_bacteria/167-nKnowlesPdamAnti_S167_L001_R1_001.fastq.gz	/Users/mikeconnelly/computing/projects/anti_phys/data/reads_bacteria/167-nKnowlesPdamAnti_S167_L001_R2_001.fastq.gz
PAN-83_Antibiotics_168	/Users/mikeconnelly/computing/projects/anti_phys/data/reads_bacteria/168-nKnowlesPdamAnti_S168_L001_R1_001.fastq.gz	/Users/mikeconnelly/computing/projects/anti_phys/data/reads_bacteria/168-nKnowlesPdamAnti_S168_L001_R2_001.fastq.gz
D1FSW1	/Users/mikeconnelly/computing/projects/anti_phys/data/reads_bacteria/D1FSW1-nKnowlesPdamAnti_S169_L001_R1_001.fastq.gz	/Users/mikeconnelly/computing/projects/anti_phys/data/reads_bacteria/D1FSW1-nKnowlesPdamAnti_S169_L001_R2_001.fastq.gz
D1FSW2	/Users/mikeconnelly/computing/projects/anti_phys/data/reads_bacteria/D1FSW2-nKnowlesPdamAnti_S170_L001_R1_001.fastq.gz	/Users/mikeconnelly/computing/projects/anti_phys/data/reads_bacteria/D1FSW2-nKnowlesPdamAnti_S170_L001_R2_001.fastq.gz
D1FSW3	/Users/mikeconnelly/computing/projects/anti_phys/data/reads_bacteria/D1FSW3-nKnowlesPdamAnti_S171_L001_R1_001.fastq.gz	/Users/mikeconnelly/computing/projects/anti_phys/data/reads_bacteria/D1FSW3-nKnowlesPdamAnti_S171_L001_R2_001.fastq.gz
D1seawater1	/Users/mikeconnelly/computing/projects/anti_phys/data/reads_bacteria/D1seawater1-nKnowlesPdamAnti_S172_L001_R1_001.fastq.gz	/Users/mikeconnelly/computing/projects/anti_phys/data/reads_bacteria/D1seawater1-nKnowlesPdamAnti_S172_L001_R2_001.fastq.gz
D1seawater2	/Users/mikeconnelly/computing/projects/anti_phys/data/reads_bacteria/D1seawater2-nKnowlesPdamAnti_S173_L001_R1_001.fastq.gz	/Users/mikeconnelly/computing/projects/anti_phys/data/reads_bacteria/D1seawater2-nKnowlesPdamAnti_S173_L001_R2_001.fastq.gz
D1seawater3	/Users/mikeconnelly/computing/projects/anti_phys/data/reads_bacteria/D1seawater3-nKnowlesPdamAnti_S174_L001_R1_001.fastq.gz	/Users/mikeconnelly/computing/projects/anti_phys/data/reads_bacteria/D1seawater3-nKnowlesPdamAnti_S174_L001_R2_001.fastq.gz
D7FSW1	/Users/mikeconnelly/computing/projects/anti_phys/data/reads_bacteria/D7FSW1-nKnowlesPdamAnti_S175_L001_R1_001.fastq.gz	/Users/mikeconnelly/computing/projects/anti_phys/data/reads_bacteria/D7FSW1-nKnowlesPdamAnti_S175_L001_R2_001.fastq.gz
D7FSW2	/Users/mikeconnelly/computing/projects/anti_phys/data/reads_bacteria/D7FSW2-nKnowlesPdamAnti_S176_L001_R1_001.fastq.gz	/Users/mikeconnelly/computing/projects/anti_phys/data/reads_bacteria/D7FSW2-nKnowlesPdamAnti_S176_L001_R2_001.fastq.gz
D7FSW3	/Users/mikeconnelly/computing/projects/anti_phys/data/reads_bacteria/D7FSW3-nKnowlesPdamAnti_S177_L001_R1_001.fastq.gz	/Users/mikeconnelly/computing/projects/anti_phys/data/reads_bacteria/D7FSW3-nKnowlesPdamAnti_S177_L001_R2_001.fastq.gz
D7seawater1	/Users/mikeconnelly/computing/projects/anti_phys/data/reads_bacteria/D7seawater1-nKnowlesPdamAnti_S178_L001_R1_001.fastq.gz	/Users/mikeconnelly/computing/projects/anti_phys/data/reads_bacteria/D7seawater1-nKnowlesPdamAnti_S178_L001_R2_001.fastq.gz
D7seawater2	/Users/mikeconnelly/computing/projects/anti_phys/data/reads_bacteria/D7seawater2-nKnowlesPdamAnti_S179_L001_R1_001.fastq.gz	/Users/mikeconnelly/computing/projects/anti_phys/data/reads_bacteria/D7seawater2-nKnowlesPdamAnti_S179_L001_R2_001.fastq.gz
D7seawater3	/Users/mikeconnelly/computing/projects/anti_phys/data/reads_bacteria/D7seawater3-nKnowlesPdamAnti_S180_L001_R1_001.fastq.gz	/Users/mikeconnelly/computing/projects/anti_phys/data/reads_bacteria/D7seawater3-nKnowlesPdamAnti_S180_L001_R2_001.fastq.gz
Negative1	/Users/mikeconnelly/computing/projects/anti_phys/data/reads_bacteria/Negative1-nKnowlesPdamAnti_S181_L001_R1_001.fastq.gz	/Users/mikeconnelly/computing/projects/anti_phys/data/reads_bacteria/Negative1-nKnowlesPdamAnti_S181_L001_R2_001.fastq.gz
Negative2	/Users/mikeconnelly/computing/projects/anti_phys/data/reads_bacteria/Negative2-nKnowlesPdamAnti_S182_L001_R1_001.fastq.gz	/Users/mikeconnelly/computing/projects/anti_phys/data/reads_bacteria/Negative2-nKnowlesPdamAnti_S182_L001_R2_001.fastq.gz
Negative3	/Users/mikeconnelly/computing/projects/anti_phys/data/reads_bacteria/Negative3-nKnowlesPdamAnti_S183_L001_R1_001.fastq.gz	/Users/mikeconnelly/computing/projects/anti_phys/data/reads_bacteria/Negative3-nKnowlesPdamAnti_S183_L001_R2_001.fastq.gz
ZYMO1	/Users/mikeconnelly/computing/projects/anti_phys/data/reads_bacteria/ZYMO1-nKnowlesPdamAnti_S184_L001_R1_001.fastq.gz	/Users/mikeconnelly/computing/projects/anti_phys/data/reads_bacteria/ZYMO1-nKnowlesPdamAnti_S184_L001_R2_001.fastq.gz
ZYMO2	/Users/mikeconnelly/computing/projects/anti_phys/data/reads_bacteria/ZYMO2-nKnowlesPdamAnti_S185_L001_R1_001.fastq.gz	/Users/mikeconnelly/computing/projects/anti_phys/data/reads_bacteria/ZYMO2-nKnowlesPdamAnti_S185_L001_R2_001.fastq.gz
ZYMO3	/Users/mikeconnelly/computing/projects/anti_phys/data/reads_bacteria/ZYMO3-nKnowlesPdamAnti_S186_L001_R1_001.fastq.gz	/Users/mikeconnelly/computing/projects/anti_phys/data/reads_bacteria/ZYMO3-nKnowlesPdamAnti_S186_L001_R2_001.fastq.gz